{
	"2_level_cross_validation": {
		"annual-income": {
			"Baseline_classifier": {
				"Errors": [
					0.2516029184169799,
					0.23833738669024984,
					0.24745687748783723,
					0.24789915966386555,
					0.2527642636001769,
					0.2518796992481203,
					0.25364882795223354,
					0.2448031844316674,
					0.24413976116762495,
					0.24590888987173817
				]
			},
			"Decision_tree_classifier": {
				"Errors": [
					0.15078487729383153,
					0.14547866460313952,
					0.15015479876160992,
					0.14285714285714285,
					0.13732861565678903,
					0.14860681114551083,
					0.15126050420168066,
					0.14108801415302963,
					0.14418398938522778,
					0.14639540026536932
				],
				"Params": [
					8,
					9,
					10,
					9,
					10,
					10,
					9,
					9,
					10,
					9
				]
			},
			"Regularized_logistic_regression": {
				"Errors": [
					0.21202741543223524,
					0.20296263541896972,
					0.20831490490933216,
					0.208093763821318,
					0.2164971251658558,
					0.2089783281733746,
					0.20743034055727555,
					0.205218929677134,
					0.20986289252543122,
					0.20743034055727555
				],
				"Params": [
					3000.0,
					1800.0,
					8100.0,
					8400.0,
					7600.0,
					3500.0,
					5300.0,
					300.0,
					900.0,
					4500.0
				]
			}
		}
	},
	"Optimal_max_depth": {
		"annual-income": 10
	},
	"Optimal_lamda": {
		"annual-income": 300
	},
	"Paired_mcnemar_tests": {
		"Test_1": {
			"Model_a": "Regularized_logistic_regression",
			"Model_b": "Baseline_classifier",
			"theta": 0.035374751271280126,
			"confidence_interval": [
				0.026682460520407902,
				0.04406440344120499
			],
			"p-value": 1.5175383703304869e-15
		},
		"Test_2": {
			"Model_a": "Regularized_logistic_regression",
			"Model_b": "Decision_tree_classifier",
			"theta": -0.05527304886137519,
			"confidence_interval": [
				-0.06651975504567964,
				-0.044019421732748976
			],
			"p-value": 7.941358174558772e-22
		},
		"Test_3": {
			"Model_a": "Decision_tree_classifier",
			"Model_b": "Baseline_classifier",
			"theta": 0.09064780013265532,
			"confidence_interval": [
				0.07850282930044417,
				0.1027794888475575
			],
			"p-value": 3.3328787117911933e-48
		}
	}
}