{
	"Coefficients": {
		"capital-gain": {
			"age": 0.020032713865283606,
			"Federal-gov": 0.020032713865283606,
			"Local-gov": 0.020032713865283606,
			"Private": 0.020032713865283606,
			"Self-emp-inc": 0.020032713865283606,
			"Self-emp-not-inc": 0.020032713865283606,
			"State-gov": 0.020032713865283606,
			"Without-pay": 0.020032713865283606,
			"fnlwgt": 0.020032713865283606,
			"10th": 0.020032713865283606,
			"11th": 0.020032713865283606,
			"12th": 0.020032713865283606,
			"1st-4th": 0.020032713865283606,
			"5th-6th": 0.020032713865283606,
			"7th-8th": 0.020032713865283606,
			"9th": 0.020032713865283606,
			"Assoc-acdm": 0.020032713865283606,
			"Assoc-voc": 0.020032713865283606,
			"Bachelors": 0.020032713865283606,
			"Doctorate": 0.020032713865283606,
			"HS-grad": 0.020032713865283606,
			"Masters": 0.020032713865283606,
			"Preschool": 0.020032713865283606,
			"Prof-school": 0.020032713865283606,
			"Some-college": 0.020032713865283606,
			"education-num": 0.020032713865283606,
			"Divorced": 0.020032713865283606,
			"Married-AF-spouse": 0.020032713865283606,
			"Married-civ-spouse": 0.020032713865283606,
			"Married-spouse-absent": 0.020032713865283606,
			"Never-married": 0.020032713865283606,
			"Separated": 0.020032713865283606,
			"Widowed": 0.020032713865283606,
			"Adm-clerical": 0.020032713865283606,
			"Armed-Forces": 0.020032713865283606,
			"Craft-repair": 0.020032713865283606,
			"Exec-managerial": 0.020032713865283606,
			"Farming-fishing": 0.020032713865283606,
			"Handlers-cleaners": 0.020032713865283606,
			"Machine-op-inspct": 0.020032713865283606,
			"Other-service": 0.020032713865283606,
			"Priv-house-serv": 0.020032713865283606,
			"Prof-specialty": 0.020032713865283606,
			"Protective-serv": 0.020032713865283606,
			"Sales": 0.020032713865283606,
			"Tech-support": 0.020032713865283606,
			"Transport-moving": 0.020032713865283606,
			"Husband": 0.020032713865283606,
			"Not-in-family": 0.020032713865283606,
			"Other-relative": 0.020032713865283606,
			"Own-child": 0.020032713865283606,
			"Unmarried": 0.020032713865283606,
			"Wife": 0.020032713865283606,
			"Amer-Indian-Eskimo": 0.020032713865283606,
			"Asian-Pac-Islander": 0.020032713865283606,
			"Black": 0.020032713865283606,
			"Other": 0.020032713865283606,
			"White": 0.020032713865283606,
			"sex": 0.020032713865283606,
			"capital-loss": 0.020032713865283606,
			"hours-per-week": 0.020032713865283606,
			"Cambodia": 0.020032713865283606,
			"Canada": 0.020032713865283606,
			"China": 0.020032713865283606,
			"Columbia": 0.020032713865283606,
			"Cuba": 0.020032713865283606,
			"Dominican-Republic": 0.020032713865283606,
			"Ecuador": 0.020032713865283606,
			"El-Salvador": 0.020032713865283606,
			"England": 0.020032713865283606,
			"France": 0.020032713865283606,
			"Germany": 0.020032713865283606,
			"Greece": 0.020032713865283606,
			"Guatemala": 0.020032713865283606,
			"Haiti": 0.020032713865283606,
			"Holand-Netherlands": 0.020032713865283606,
			"Honduras": 0.020032713865283606,
			"Hong": 0.020032713865283606,
			"Hungary": 0.020032713865283606,
			"India": 0.020032713865283606,
			"Iran": 0.020032713865283606,
			"Ireland": 0.020032713865283606,
			"Italy": 0.020032713865283606,
			"Jamaica": 0.020032713865283606,
			"Japan": 0.020032713865283606,
			"Laos": 0.020032713865283606,
			"Mexico": 0.020032713865283606,
			"Nicaragua": 0.020032713865283606,
			"Outlying-US(Guam-USVI-etc)": 0.020032713865283606,
			"Peru": 0.020032713865283606,
			"Philippines": 0.020032713865283606,
			"Poland": 0.020032713865283606,
			"Portugal": 0.020032713865283606,
			"Puerto-Rico": 0.020032713865283606,
			"Scotland": 0.020032713865283606,
			"South": 0.020032713865283606,
			"Taiwan": 0.020032713865283606,
			"Thailand": 0.020032713865283606,
			"Trinadad&Tobago": 0.020032713865283606,
			"United-States": 0.020032713865283606,
			"Vietnam": 0.020032713865283606,
			"Yugoslavia": 0.020032713865283606,
			"annual-income": 0.020032713865283606
		},
		"capital-loss": {
			"age": -0.0002839189269153289,
			"Federal-gov": -0.0002839189269153289,
			"Local-gov": -0.0002839189269153289,
			"Private": -0.0002839189269153289,
			"Self-emp-inc": -0.0002839189269153289,
			"Self-emp-not-inc": -0.0002839189269153289,
			"State-gov": -0.0002839189269153289,
			"Without-pay": -0.0002839189269153289,
			"fnlwgt": -0.0002839189269153289,
			"10th": -0.0002839189269153289,
			"11th": -0.0002839189269153289,
			"12th": -0.0002839189269153289,
			"1st-4th": -0.0002839189269153289,
			"5th-6th": -0.0002839189269153289,
			"7th-8th": -0.0002839189269153289,
			"9th": -0.0002839189269153289,
			"Assoc-acdm": -0.0002839189269153289,
			"Assoc-voc": -0.0002839189269153289,
			"Bachelors": -0.0002839189269153289,
			"Doctorate": -0.0002839189269153289,
			"HS-grad": -0.0002839189269153289,
			"Masters": -0.0002839189269153289,
			"Preschool": -0.0002839189269153289,
			"Prof-school": -0.0002839189269153289,
			"Some-college": -0.0002839189269153289,
			"education-num": -0.0002839189269153289,
			"Divorced": -0.0002839189269153289,
			"Married-AF-spouse": -0.0002839189269153289,
			"Married-civ-spouse": -0.0002839189269153289,
			"Married-spouse-absent": -0.0002839189269153289,
			"Never-married": -0.0002839189269153289,
			"Separated": -0.0002839189269153289,
			"Widowed": -0.0002839189269153289,
			"Adm-clerical": -0.0002839189269153289,
			"Armed-Forces": -0.0002839189269153289,
			"Craft-repair": -0.0002839189269153289,
			"Exec-managerial": -0.0002839189269153289,
			"Farming-fishing": -0.0002839189269153289,
			"Handlers-cleaners": -0.0002839189269153289,
			"Machine-op-inspct": -0.0002839189269153289,
			"Other-service": -0.0002839189269153289,
			"Priv-house-serv": -0.0002839189269153289,
			"Prof-specialty": -0.0002839189269153289,
			"Protective-serv": -0.0002839189269153289,
			"Sales": -0.0002839189269153289,
			"Tech-support": -0.0002839189269153289,
			"Transport-moving": -0.0002839189269153289,
			"Husband": -0.0002839189269153289,
			"Not-in-family": -0.0002839189269153289,
			"Other-relative": -0.0002839189269153289,
			"Own-child": -0.0002839189269153289,
			"Unmarried": -0.0002839189269153289,
			"Wife": -0.0002839189269153289,
			"Amer-Indian-Eskimo": -0.0002839189269153289,
			"Asian-Pac-Islander": -0.0002839189269153289,
			"Black": -0.0002839189269153289,
			"Other": -0.0002839189269153289,
			"White": -0.0002839189269153289,
			"sex": -0.0002839189269153289,
			"capital-gain": -0.0002839189269153289,
			"hours-per-week": -0.0002839189269153289,
			"Cambodia": -0.0002839189269153289,
			"Canada": -0.0002839189269153289,
			"China": -0.0002839189269153289,
			"Columbia": -0.0002839189269153289,
			"Cuba": -0.0002839189269153289,
			"Dominican-Republic": -0.0002839189269153289,
			"Ecuador": -0.0002839189269153289,
			"El-Salvador": -0.0002839189269153289,
			"England": -0.0002839189269153289,
			"France": -0.0002839189269153289,
			"Germany": -0.0002839189269153289,
			"Greece": -0.0002839189269153289,
			"Guatemala": -0.0002839189269153289,
			"Haiti": -0.0002839189269153289,
			"Holand-Netherlands": -0.0002839189269153289,
			"Honduras": -0.0002839189269153289,
			"Hong": -0.0002839189269153289,
			"Hungary": -0.0002839189269153289,
			"India": -0.0002839189269153289,
			"Iran": -0.0002839189269153289,
			"Ireland": -0.0002839189269153289,
			"Italy": -0.0002839189269153289,
			"Jamaica": -0.0002839189269153289,
			"Japan": -0.0002839189269153289,
			"Laos": -0.0002839189269153289,
			"Mexico": -0.0002839189269153289,
			"Nicaragua": -0.0002839189269153289,
			"Outlying-US(Guam-USVI-etc)": -0.0002839189269153289,
			"Peru": -0.0002839189269153289,
			"Philippines": -0.0002839189269153289,
			"Poland": -0.0002839189269153289,
			"Portugal": -0.0002839189269153289,
			"Puerto-Rico": -0.0002839189269153289,
			"Scotland": -0.0002839189269153289,
			"South": -0.0002839189269153289,
			"Taiwan": -0.0002839189269153289,
			"Thailand": -0.0002839189269153289,